{
  "name": "CHANGE THIS : Extension boilerplate",
  "version": "0.0.1",
  "manifest_version": 2,
  "description": "This extension was created with the awesome extensionizr.com",
  "homepage_url": "http://extensionizr.com",
  "icons": {
    "16": "icons/icon16.png",
    "48": "icons/icon48.png",
    "128": "icons/icon128.png"
  },
  "default_locale": "en",
  "chrome_url_overrides": {
    "newtab": "src/override/override.html"
  }
}

{
"name": "Beautiful New Tab",
"version": "0.0.1",
"manifest_version": 2,
"description": "Get beautiful images with quotes whenever you open a new tab.",
"homepage_url": "http://codesparta.com",
"icons": {
"16": "icons/icon16.png",
"48": "icons/icon48.png",
"128": "icons/icon128.png"
},
"default_locale": "en",
"chrome_url_overrides": {
"newtab": "src/override/override.html"
},
"permissions": [ "https://source.unsplash.com/","http://quotes.rest/"]
}